<?xml version="1.0" encoding="UTF-8"?>
<project-private xmlns="http://www.netbeans.org/ns/project-private/1">
    <editor-bookmarks xmlns="http://www.netbeans.org/ns/editor-bookmarks/2" lastBookmarkId="0"/>
    <open-files xmlns="http://www.netbeans.org/ns/projectui-open-files/2">
        <group>
            <file>file:/Users/jijianlan/NetBeansProjects/ISDAssignment1jlcheckzip/ISDAssignment2/src/java/uts/isd/controller/updateExistingDeviceServlet.java</file>
            <file>file:/Users/jijianlan/NetBeansProjects/ISDAssignment1jlcheckzip/ISDAssignment2/src/java/uts/isd/controller/createNewProductServlet.java</file>
            <file>file:/Users/jijianlan/NetBeansProjects/ISDAssignment1jlcheckzip/ISDAssignment2/web/productForm.jsp</file>
            <file>file:/Users/jijianlan/NetBeansProjects/ISDAssignment1jlcheckzip/ISDAssignment2/web/WEB-INF/web.xml</file>
            <file>file:/Users/jijianlan/NetBeansProjects/ISDAssignment1jlcheckzip/ISDAssignment2/web/index.jsp</file>
        </group>
    </open-files>
</project-private>
